tablescraper-selected-row href,cell src,cell,ps-items-index-panel-text
https://propsearch.ae/dubai/al-barsha-1/buildings,https://static.propsearch.ae/dubai-locations/al-barsha-1-21490_sm.jpg,Al Barsha 1,View all buildings in Al Barsha 1
https://propsearch.ae/dubai/al-furjan/buildings,https://static.propsearch.ae/photos/dubai/areas/al-furjan-2366_sm.jpg,Al Furjan,View all buildings in Al Furjan
https://propsearch.ae/dubai/al-habtoor-city/buildings,https://static.propsearch.ae/dubai-locations/al-habtoor-city-19652_sm.jpg,Al Habtoor City,View all buildings in Al Habtoor City
https://propsearch.ae/dubai/al-jaddaf/buildings,https://static.propsearch.ae/photos/dubai/areas/al-jaddaf-8714_sm.jpg,Al Jaddaf,View all buildings in Al Jaddaf
https://propsearch.ae/dubai/arjan/buildings,https://static.propsearch.ae/dubai-locations/arjan-14745_sm.jpg,Arjan,View all buildings in Arjan
https://propsearch.ae/dubai/aykon-city/buildings,https://static.propsearch.ae/photos/dubai/areas/aykon-city-7378_sm.jpg,Aykon City,View all buildings in Aykon City
https://propsearch.ae/dubai/azizi-riviera/buildings,https://static.propsearch.ae/dubai-locations/azizi-riviera-26866_sm.jpg,Azizi Riviera,View all buildings in Azizi Riviera
https://propsearch.ae/dubai/barsha-heights/buildings,https://static.propsearch.ae/photos/dubai/areas/tecom-3393_sm.jpg,Barsha Heights,View all buildings in Barsha Heights
,,,
https://propsearch.ae/dubai/business-bay/buildings,https://static.propsearch.ae/dubai-locations/business-bay-19645_sm.jpg,Business Bay,View all buildings in Business Bay
https://propsearch.ae/dubai/city-walk/buildings,https://static.propsearch.ae/dubai-locations/city-walk-13967_sm.jpg,City Walk,View all buildings in City Walk
https://propsearch.ae/dubai/culture-village/buildings,https://static.propsearch.ae/dubai-locations/culture-village-27999_sm.jpg,Culture Village,View all buildings in Culture Village
https://propsearch.ae/dubai/damac-hills/buildings,https://static.propsearch.ae/photos/dubai/areas/damac-hills-12946_sm.jpg,Damac Hills,View all buildings in Damac Hills
https://propsearch.ae/dubai/downtown-dubai/buildings,https://static.propsearch.ae/photos/dubai/areas/downtown-96_sm.jpg,Downtown Dubai,View all buildings in Downtown Dubai
https://propsearch.ae/dubai/dubai-creek-harbour/buildings,https://static.propsearch.ae/dubai-locations/dubai-creek-harbour-24131_sm.jpg,Dubai Creek Harbour,View all buildings in Dubai Creek Harbour
https://propsearch.ae/dubai/dubai-hills-estate/buildings,https://static.propsearch.ae/dubai-locations/dubai-hills-estate-26009_sm.jpg,Dubai Hills Estate,View all buildings in Dubai Hills Estate
https://propsearch.ae/dubai/dubai-international-financial-centre/buildings,https://static.propsearch.ae/photos/dubai/areas/difc-30_sm.jpg,Dubai International Financial Centre,View all buildings in Dubai International Financial Centre
,,,
https://propsearch.ae/dubai/dubai-marina/buildings,https://static.propsearch.ae/dubai-locations/dubai-marina-27623_sm.jpg,Dubai Marina,View all buildings in Dubai Marina
https://propsearch.ae/dubai/dubai-media-city/buildings,https://static.propsearch.ae/photos/dubai/areas/media-city-8011_sm.jpg,Dubai Media City,View all buildings in Dubai Media City
https://propsearch.ae/dubai/dubai-production-city/buildings,https://static.propsearch.ae/dubai-locations/dubai-production-city-15905_sm.jpg,Dubai Production City,View all buildings in Dubai Production City
https://propsearch.ae/dubai/dubai-silicon-oasis/buildings,https://static.propsearch.ae/photos/dubai/areas/silicon-oasis-11636_sm.jpg,Dubai Silicon Oasis,View all buildings in Dubai Silicon Oasis
https://propsearch.ae/dubai/healthcare-city-phase-2/buildings,https://static.propsearch.ae/dubai-locations/healthcare-city-phase-2-23218_sm.jpg,Healthcare City Phase 2,View all buildings in Healthcare City Phase 2
https://propsearch.ae/dubai/jumeirah-lakes-towers/buildings,https://static.propsearch.ae/photos/dubai/areas/jumeirah-lakes-towers-13052_sm.jpg,Jumeirah Lakes Towers,View all buildings in Jumeirah Lakes Towers
https://propsearch.ae/dubai/jumeirah-village-circle/buildings,https://static.propsearch.ae/photos/dubai/areas/jumeirah-village-circle-9902_sm.jpg,Jumeirah Village Circle,View all buildings in Jumeirah Village Circle
https://propsearch.ae/dubai/jumeirah-village-triangle/buildings,https://static.propsearch.ae/photos/dubai/areas/jumeirah-village-triangle-4180_sm.jpg,Jumeirah Village Triangle,View all buildings in Jumeirah Village Triangle
https://propsearch.ae/dubai/motor-city/buildings,https://static.propsearch.ae/photos/dubai/areas/motor-city-4545_sm.jpg,Motor City,View all buildings in Motor City
https://propsearch.ae/dubai/palm-jumeirah/buildings,https://static.propsearch.ae/photos/dubai/areas/palm-jumeirah-3_sm.jpg,Palm Jumeirah,View all buildings in Palm Jumeirah
https://propsearch.ae/dubai/sheikh-zayed-road/buildings,https://static.propsearch.ae/photos/dubai/areas/sheikh-zayed-road-2388_sm.jpg,Sheikh Zayed Road,View all buildings in Sheikh Zayed Road
https://propsearch.ae/dubai/sobha-hartland/buildings,https://static.propsearch.ae/dubai-locations/sobha-hartland-19804_sm.jpg,Sobha Hartland,View all buildings in Sobha Hartland
https://propsearch.ae/dubai/sports-city/buildings,https://static.propsearch.ae/photos/dubai/areas/sports-city-75_sm.jpg,Sports City,View all buildings in Sports City
https://propsearch.ae/dubai/studio-city/buildings,https://static.propsearch.ae/dubai-locations/studio-city-25329_sm.jpg,Studio City,View all buildings in Studio City
https://propsearch.ae/dubai/sufouh-gardens/buildings,https://static.propsearch.ae/photos/dubai/areas/sufouh-gardens-13073_sm.jpg,Sufouh Gardens,View all buildings in Sufouh Gardens
https://propsearch.ae/dubai/the-views/buildings,https://static.propsearch.ae/photos/dubai/areas/the-views-2951_sm.jpg,The Views,View all buildings in The Views