tablescraper-selected-row href,lazy src,ps-loc-card-title,ps-loc-card-location,ps-loc-card-status
https://propsearch.ae/dubai/adagio-palm-jumeirah,https://static.propsearch.ae/dubai-locations/adagio-palm-jumeirah-28720_sm.jpg,Adagio Palm Jumeirah,Palm Jumeirah,Complete
https://propsearch.ae/dubai/aloft-palm-jumeirah,https://static.propsearch.ae/dubai-locations/aloft-palm-jumeirah-15937_sm.jpg,Aloft Palm Jumeirah,The Palm Crescent,Complete
https://propsearch.ae/dubai/al-shafar-investment-development,https://static.propsearch.ae/dubai-locations/al-shafar-investment-development-26175_sm.jpg,Al Shafar Investment Development,The Palm Crescent,Under development
https://propsearch.ae/dubai/anantara-the-palm,https://static.propsearch.ae/photos/dubai/buildings/anantara-the-palm-8890_sm.jpg,Anantara The Palm,The Palm Crescent,Complete
https://propsearch.ae/dubai/andaz-dubai-the-palm,https://static.propsearch.ae/dubai-locations/andaz-dubai-the-palm-19571_sm.jpg,Andaz Dubai The Palm,Palm Jumeirah,Complete
https://propsearch.ae/dubai/asma-yousuf-abdullah-al-daboos-building,https://static.propsearch.ae/dubai-locations/asma-yousuf-abdullah-al-daboos-building_5qj3Q_sm.jpg,Asma Yousuf Abdullah Al-Daboos Building,Palm Jumeirah,Under development
https://propsearch.ae/dubai/atlantis-the-palm,https://static.propsearch.ae/photos/dubai/buildings/atlantis-the-palm-5457_sm.jpg,Atlantis The Palm,The Palm Crescent,Complete
https://propsearch.ae/dubai/azure-residences,https://static.propsearch.ae/photos/dubai/buildings/azure-residences-11410_sm.jpg,Azure Residences,Palm Jumeirah,Under development
https://propsearch.ae/dubai/c-central-resort-the-palm,https://static.propsearch.ae/dubai-locations/c-central-resort-the-palm-20214_sm.jpg,C Central Resort The Palm,The Palm Crescent,Complete
https://propsearch.ae/dubai/club-vista-mare,https://static.propsearch.ae/photos/dubai/buildings/club-vista-mare-7511_sm.jpg,Club Vista Mare,Palm Jumeirah,Complete
https://propsearch.ae/dubai/conrad-palm-jumeirah,https://static.propsearch.ae/dubai-locations/conrad-palm-jumeirah-26199_sm.jpg,Conrad Palm Jumeirah,The Palm Crescent,Under development (On hold)
https://propsearch.ae/dubai/dukes-the-palm-a-royal-hideaway-hotel,https://static.propsearch.ae/dubai-locations/dukes-the-palm-a-royal-hideaway-hotel-19566_sm.jpg,"Dukes The Palm, A Royal Hideaway Hotel",Palm Jumeirah,Complete
https://propsearch.ae/dubai/emerald-palace-kempinski-hotel,https://static.propsearch.ae/dubai-locations/emerald-palace-kempinski-hotel-15156_sm.jpg,Emerald Palace Kempinski Hotel,The Palm Crescent,Complete
https://propsearch.ae/dubai/fairmont-the-palm-hotel-resort,https://static.propsearch.ae/photos/dubai/buildings/fairmont-the-palm-hotel--resort-253_sm.jpg,Fairmont The Palm Hotel & Resort,Palm Jumeirah,Complete
https://propsearch.ae/dubai/fast-line-residential-building,https://static.propsearch.ae/dubai-locations/fast-line-residential-building-15966_sm.jpg,Fast Line Residential Building,The Palm Crescent,Planned
https://propsearch.ae/dubai/five-palm-jumeirah,https://static.propsearch.ae/photos/dubai/buildings/five-palm-jumeirah-11401_sm.jpg,Five Palm Jumeirah,Palm Jumeirah,Complete
https://propsearch.ae/dubai/hilton-the-palm,https://static.propsearch.ae/dubai-locations/hilton-the-palm_Q4mhl_sm.jpg,Hilton The Palm,Palm Jumeirah,Under development
https://propsearch.ae/dubai/jumeirah-zabeel-saray-hotel-royal-residences,https://static.propsearch.ae/photos/dubai/buildings/jumeirah-zabeel-saray-hotel--residences-5411_sm.jpg,Jumeirah Zabeel Saray Hotel & Royal Residences,The Palm Crescent,Complete
https://propsearch.ae/dubai/kempinski-palm-jumeirah,https://static.propsearch.ae/photos/dubai/buildings/kempinski-palm-jumeirah-5438_sm.jpg,Kempinski Palm Jumeirah,The Palm Crescent,Complete
https://propsearch.ae/dubai/kingdom-of-sheba,https://static.propsearch.ae/photos/dubai/buildings/kingdom-of-sheba-11414_sm.jpg,Kingdom of Sheba,The Palm Crescent,Complete
https://propsearch.ae/dubai/marina-residences-townhouses,https://static.propsearch.ae/photos/dubai/buildings/marina-residences--townhouses-230_sm.jpg,Marina Residences & Townhouses,Palm Jumeirah,Complete
https://propsearch.ae/dubai/marriott-resort-palm-jumeirah,https://static.propsearch.ae/dubai-locations/marriott-resort-palm-jumeirah_BRL5f_sm.jpg,Marriott Resort Palm Jumeirah,Palm Jumeirah,Under development
https://propsearch.ae/dubai/mina-by-azizi,https://static.propsearch.ae/dubai-locations/mina-by-azizi-26170_sm.jpg,Mina by Azizi,The Palm Crescent,Complete
https://propsearch.ae/dubai/muraba-residences-palm-jumeirah,https://static.propsearch.ae/dubai-locations/muraba-residences-palm-jumeirah-20197_sm.jpg,Muraba Residences Palm Jumeirah,The Palm Crescent,Complete
https://propsearch.ae/dubai/mysk-by-shaza,https://static.propsearch.ae/dubai-locations/mysk-by-shaza_wntTZ_sm.jpg,Mysk by Shaza,Palm Jumeirah,Under development
https://propsearch.ae/dubai/new-golden-mile-3,https://static.propsearch.ae/dubai-locations/new-golden-mile-3-19567_sm.jpg,New Golden Mile 3,The Golden Mile,Complete
https://propsearch.ae/dubai/nirvana,https://static.propsearch.ae/dubai-locations/nirvana-26181_sm.jpg,Nirvana,The Palm Crescent,Under development
https://propsearch.ae/dubai/oceana,https://static.propsearch.ae/photos/dubai/buildings/oceana-254_sm.jpg,Oceana,Palm Jumeirah,Complete
https://propsearch.ae/dubai/one-at-palm-jumeirah,https://static.propsearch.ae/dubai-locations/one-at-palm-jumeirah-27886_sm.jpg,One at Palm Jumeirah,Palm Jumeirah,Under development (In progress)
https://propsearch.ae/dubai/one-only-the-palm,https://static.propsearch.ae/photos/dubai/buildings/one--only-the-palm-5260_sm.jpg,One & Only The Palm,The Palm Crescent,Complete
https://propsearch.ae/dubai/palm-360,https://static.propsearch.ae/dubai-locations/palm-360-26190_sm.jpg,Palm 360,The Palm Crescent,Under development (On hold)
https://propsearch.ae/dubai/palm-beach-residences,https://static.propsearch.ae/photos/dubai/buildings/palm-beach-residences-10957_sm.jpg,Palm Beach Residences,Palm Jumeirah,Planned
https://propsearch.ae/dubai/palme-couture-residences,https://static.propsearch.ae/dubai-locations/palme-couture-19511_sm.jpg,Palme Couture Residences,Palm Jumeirah,Complete
https://propsearch.ae/dubai/palm-furnished-apartments,https://static.propsearch.ae/dubai-locations/palm-furnished-apartments_iARrT_sm.jpg,Palm Furnished Apartments,Palm Jumeirah,Under development
https://propsearch.ae/dubai/palm-views-east,https://static.propsearch.ae/photos/dubai/buildings/palm-views-east-5239_sm.jpg,Palm Views East,Palm Jumeirah,Complete
https://propsearch.ae/dubai/palm-views-west,https://static.propsearch.ae/photos/dubai/buildings/palm-views-west-2673_sm.jpg,Palm Views West,Palm Jumeirah,Complete
https://propsearch.ae/dubai/radisson-beach-resort,https://static.propsearch.ae/dubai-locations/radisson-beach-resort-27455_sm.jpg,Radisson Beach Resort,Palm Jumeirah,Planned
https://propsearch.ae/dubai/rixos-the-palm-dubai,https://static.propsearch.ae/dubai-locations/rixos-the-palm-dubai-16047_sm.jpg,Rixos The Palm Dubai,The Palm Crescent,Complete
https://propsearch.ae/dubai/royal-bay-by-azizi,https://static.propsearch.ae/dubai-locations/royal-bay-by-azizi-15945_sm.jpg,Royal Bay by Azizi,The Palm Crescent,Complete
https://propsearch.ae/dubai/royal-central-hotel-the-palm,https://static.propsearch.ae/dubai-locations/royal-central-hotel-the-palm-15942_sm.jpg,Royal Central Hotel The Palm,The Palm Crescent,Complete
https://propsearch.ae/dubai/sarai-apartments,https://static.propsearch.ae/dubai-locations/sarai-apartments-20223_sm.jpg,Sarai Apartments,The Palm Crescent,Complete
https://propsearch.ae/dubai/serenia-residences,https://static.propsearch.ae/dubai-locations/serenia-residences-15951_sm.jpg,Serenia Residences,The Palm Crescent,Complete
https://propsearch.ae/dubai/seven-palm,https://static.propsearch.ae/dubai-locations/seven-palm_H1x7u_sm.jpg,Seven Palm,Palm Jumeirah,Under development
https://propsearch.ae/dubai/shoreline-apartments,https://static.propsearch.ae/photos/dubai/buildings/shoreline-apartments-192_sm.jpg,Shoreline Apartments,Palm Jumeirah,Complete
https://propsearch.ae/dubai/silver-beach-hotel-apartments,https://static.propsearch.ae/dubai-locations/silver-beach-hotel-apartments_rDHRK_sm.jpg,Silver Beach Hotel & Apartments,Palm Jumeirah,Under development
https://propsearch.ae/dubai/sofitel-dubai-the-palm,https://static.propsearch.ae/photos/dubai/buildings/sofitel-dubai-the-palm-2703_sm.jpg,Sofitel Dubai The Palm,The Palm Crescent,Complete
https://propsearch.ae/dubai/soho-palm-jumeirah,https://static.propsearch.ae/dubai-locations/soho-palm-jumeirah-19514_sm.jpg,Soho Palm Jumeirah,Palm Jumeirah,Complete
https://propsearch.ae/dubai/taj-exotica-resort-spa,https://static.propsearch.ae/photos/dubai/buildings/taj-exotica-5422_sm.jpg,Taj Exotica Resort & Spa,The Palm Crescent,Under development (On hold)
https://propsearch.ae/dubai/taj-palm-jumeirah,https://static.propsearch.ae/dubai-locations/crescent-resort-hotel-26166_sm.jpg,Taj Palm Jumeirah,The Palm Crescent,Under development
https://propsearch.ae/dubai/the-8,https://static.propsearch.ae/dubai-locations/the-8-26195_sm.jpg,The 8,The Palm Crescent,Under development